[
{
  "model": "admin.logentry",
  "pk": 1,
  "fields": {
    "action_time": "2024-10-07T11:06:37.549Z",
    "user": 1,
    "content_type": 7,
    "object_id": "1",
    "object_repr": "First Blog",
    "action_flag": 1,
    "change_message": "[{\"added\": {}}]"
  }
},
{
  "model": "admin.logentry",
  "pk": 2,
  "fields": {
    "action_time": "2024-10-15T13:23:24.615Z",
    "user": 1,
    "content_type": 7,
    "object_id": "9",
    "object_repr": "Same military national respond yes.",
    "action_flag": 2,
    "change_message": "[{\"changed\": {\"fields\": [\"Body\", \"Tags\"]}}]"
  }
},
{
  "model": "admin.logentry",
  "pk": 3,
  "fields": {
    "action_time": "2024-10-15T13:23:35.965Z",
    "user": 1,
    "content_type": 7,
    "object_id": "6",
    "object_repr": "Him beyond method.",
    "action_flag": 2,
    "change_message": "[{\"changed\": {\"fields\": [\"Body\", \"Tags\"]}}]"
  }
},
{
  "model": "admin.logentry",
  "pk": 4,
  "fields": {
    "action_time": "2024-10-16T10:26:20.651Z",
    "user": 1,
    "content_type": 7,
    "object_id": "23",
    "object_repr": "5 Simple Ways to Boost Productivity and Achieve Your Goals",
    "action_flag": 1,
    "change_message": "[{\"added\": {}}]"
  }
},
{
  "model": "admin.logentry",
  "pk": 5,
  "fields": {
    "action_time": "2024-10-16T10:27:50.659Z",
    "user": 1,
    "content_type": 7,
    "object_id": "24",
    "object_repr": "The Power of Consistency: Why Small Habits Lead to Big Results",
    "action_flag": 1,
    "change_message": "[{\"added\": {}}]"
  }
},
{
  "model": "admin.logentry",
  "pk": 6,
  "fields": {
    "action_time": "2024-10-16T10:30:59.461Z",
    "user": 1,
    "content_type": 7,
    "object_id": "25",
    "object_repr": "Markdown Post",
    "action_flag": 1,
    "change_message": "[{\"added\": {}}]"
  }
},
{
  "model": "admin.logentry",
  "pk": 7,
  "fields": {
    "action_time": "2024-10-16T10:42:13.882Z",
    "user": 1,
    "content_type": 7,
    "object_id": "25",
    "object_repr": "Markdown Post",
    "action_flag": 2,
    "change_message": "[{\"changed\": {\"fields\": [\"Body\"]}}]"
  }
},
{
  "model": "admin.logentry",
  "pk": 8,
  "fields": {
    "action_time": "2024-10-16T10:43:21.760Z",
    "user": 1,
    "content_type": 7,
    "object_id": "25",
    "object_repr": "Markdown Post",
    "action_flag": 2,
    "change_message": "[{\"changed\": {\"fields\": [\"Body\"]}}]"
  }
},
{
  "model": "admin.logentry",
  "pk": 9,
  "fields": {
    "action_time": "2024-10-16T10:47:45.848Z",
    "user": 1,
    "content_type": 7,
    "object_id": "25",
    "object_repr": "Markdown Post",
    "action_flag": 2,
    "change_message": "[]"
  }
},
{
  "model": "admin.logentry",
  "pk": 10,
  "fields": {
    "action_time": "2024-10-16T11:17:58.160Z",
    "user": 1,
    "content_type": 11,
    "object_id": "1",
    "object_repr": "localhost:8000",
    "action_flag": 2,
    "change_message": "[{\"changed\": {\"fields\": [\"Domain name\", \"Display name\"]}}]"
  }
},
{
  "model": "auth.permission",
  "pk": 1,
  "fields": {
    "name": "Can add log entry",
    "content_type": 1,
    "codename": "add_logentry"
  }
},
{
  "model": "auth.permission",
  "pk": 2,
  "fields": {
    "name": "Can change log entry",
    "content_type": 1,
    "codename": "change_logentry"
  }
},
{
  "model": "auth.permission",
  "pk": 3,
  "fields": {
    "name": "Can delete log entry",
    "content_type": 1,
    "codename": "delete_logentry"
  }
},
{
  "model": "auth.permission",
  "pk": 4,
  "fields": {
    "name": "Can view log entry",
    "content_type": 1,
    "codename": "view_logentry"
  }
},
{
  "model": "auth.permission",
  "pk": 5,
  "fields": {
    "name": "Can add permission",
    "content_type": 2,
    "codename": "add_permission"
  }
},
{
  "model": "auth.permission",
  "pk": 6,
  "fields": {
    "name": "Can change permission",
    "content_type": 2,
    "codename": "change_permission"
  }
},
{
  "model": "auth.permission",
  "pk": 7,
  "fields": {
    "name": "Can delete permission",
    "content_type": 2,
    "codename": "delete_permission"
  }
},
{
  "model": "auth.permission",
  "pk": 8,
  "fields": {
    "name": "Can view permission",
    "content_type": 2,
    "codename": "view_permission"
  }
},
{
  "model": "auth.permission",
  "pk": 9,
  "fields": {
    "name": "Can add group",
    "content_type": 3,
    "codename": "add_group"
  }
},
{
  "model": "auth.permission",
  "pk": 10,
  "fields": {
    "name": "Can change group",
    "content_type": 3,
    "codename": "change_group"
  }
},
{
  "model": "auth.permission",
  "pk": 11,
  "fields": {
    "name": "Can delete group",
    "content_type": 3,
    "codename": "delete_group"
  }
},
{
  "model": "auth.permission",
  "pk": 12,
  "fields": {
    "name": "Can view group",
    "content_type": 3,
    "codename": "view_group"
  }
},
{
  "model": "auth.permission",
  "pk": 13,
  "fields": {
    "name": "Can add user",
    "content_type": 4,
    "codename": "add_user"
  }
},
{
  "model": "auth.permission",
  "pk": 14,
  "fields": {
    "name": "Can change user",
    "content_type": 4,
    "codename": "change_user"
  }
},
{
  "model": "auth.permission",
  "pk": 15,
  "fields": {
    "name": "Can delete user",
    "content_type": 4,
    "codename": "delete_user"
  }
},
{
  "model": "auth.permission",
  "pk": 16,
  "fields": {
    "name": "Can view user",
    "content_type": 4,
    "codename": "view_user"
  }
},
{
  "model": "auth.permission",
  "pk": 17,
  "fields": {
    "name": "Can add content type",
    "content_type": 5,
    "codename": "add_contenttype"
  }
},
{
  "model": "auth.permission",
  "pk": 18,
  "fields": {
    "name": "Can change content type",
    "content_type": 5,
    "codename": "change_contenttype"
  }
},
{
  "model": "auth.permission",
  "pk": 19,
  "fields": {
    "name": "Can delete content type",
    "content_type": 5,
    "codename": "delete_contenttype"
  }
},
{
  "model": "auth.permission",
  "pk": 20,
  "fields": {
    "name": "Can view content type",
    "content_type": 5,
    "codename": "view_contenttype"
  }
},
{
  "model": "auth.permission",
  "pk": 21,
  "fields": {
    "name": "Can add session",
    "content_type": 6,
    "codename": "add_session"
  }
},
{
  "model": "auth.permission",
  "pk": 22,
  "fields": {
    "name": "Can change session",
    "content_type": 6,
    "codename": "change_session"
  }
},
{
  "model": "auth.permission",
  "pk": 23,
  "fields": {
    "name": "Can delete session",
    "content_type": 6,
    "codename": "delete_session"
  }
},
{
  "model": "auth.permission",
  "pk": 24,
  "fields": {
    "name": "Can view session",
    "content_type": 6,
    "codename": "view_session"
  }
},
{
  "model": "auth.permission",
  "pk": 25,
  "fields": {
    "name": "Can add post",
    "content_type": 7,
    "codename": "add_post"
  }
},
{
  "model": "auth.permission",
  "pk": 26,
  "fields": {
    "name": "Can change post",
    "content_type": 7,
    "codename": "change_post"
  }
},
{
  "model": "auth.permission",
  "pk": 27,
  "fields": {
    "name": "Can delete post",
    "content_type": 7,
    "codename": "delete_post"
  }
},
{
  "model": "auth.permission",
  "pk": 28,
  "fields": {
    "name": "Can view post",
    "content_type": 7,
    "codename": "view_post"
  }
},
{
  "model": "auth.permission",
  "pk": 29,
  "fields": {
    "name": "Can add comment",
    "content_type": 8,
    "codename": "add_comment"
  }
},
{
  "model": "auth.permission",
  "pk": 30,
  "fields": {
    "name": "Can change comment",
    "content_type": 8,
    "codename": "change_comment"
  }
},
{
  "model": "auth.permission",
  "pk": 31,
  "fields": {
    "name": "Can delete comment",
    "content_type": 8,
    "codename": "delete_comment"
  }
},
{
  "model": "auth.permission",
  "pk": 32,
  "fields": {
    "name": "Can view comment",
    "content_type": 8,
    "codename": "view_comment"
  }
},
{
  "model": "auth.permission",
  "pk": 33,
  "fields": {
    "name": "Can add tag",
    "content_type": 9,
    "codename": "add_tag"
  }
},
{
  "model": "auth.permission",
  "pk": 34,
  "fields": {
    "name": "Can change tag",
    "content_type": 9,
    "codename": "change_tag"
  }
},
{
  "model": "auth.permission",
  "pk": 35,
  "fields": {
    "name": "Can delete tag",
    "content_type": 9,
    "codename": "delete_tag"
  }
},
{
  "model": "auth.permission",
  "pk": 36,
  "fields": {
    "name": "Can view tag",
    "content_type": 9,
    "codename": "view_tag"
  }
},
{
  "model": "auth.permission",
  "pk": 37,
  "fields": {
    "name": "Can add tagged item",
    "content_type": 10,
    "codename": "add_taggeditem"
  }
},
{
  "model": "auth.permission",
  "pk": 38,
  "fields": {
    "name": "Can change tagged item",
    "content_type": 10,
    "codename": "change_taggeditem"
  }
},
{
  "model": "auth.permission",
  "pk": 39,
  "fields": {
    "name": "Can delete tagged item",
    "content_type": 10,
    "codename": "delete_taggeditem"
  }
},
{
  "model": "auth.permission",
  "pk": 40,
  "fields": {
    "name": "Can view tagged item",
    "content_type": 10,
    "codename": "view_taggeditem"
  }
},
{
  "model": "auth.permission",
  "pk": 41,
  "fields": {
    "name": "Can add site",
    "content_type": 11,
    "codename": "add_site"
  }
},
{
  "model": "auth.permission",
  "pk": 42,
  "fields": {
    "name": "Can change site",
    "content_type": 11,
    "codename": "change_site"
  }
},
{
  "model": "auth.permission",
  "pk": 43,
  "fields": {
    "name": "Can delete site",
    "content_type": 11,
    "codename": "delete_site"
  }
},
{
  "model": "auth.permission",
  "pk": 44,
  "fields": {
    "name": "Can view site",
    "content_type": 11,
    "codename": "view_site"
  }
},
{
  "model": "auth.user",
  "pk": 1,
  "fields": {
    "password": "pbkdf2_sha256$720000$g5oPf1Mq4me8fIYDy50OaQ$FrDASLqaPK/IVKXp6xTFAV7oJxBwWAXDnZ/89Mlz2DU=",
    "last_login": "2024-10-07T11:02:17.712Z",
    "is_superuser": true,
    "username": "mistire",
    "first_name": "",
    "last_name": "",
    "email": "test@test.com",
    "is_staff": true,
    "is_active": true,
    "date_joined": "2024-10-07T11:00:10.281Z",
    "groups": [],
    "user_permissions": []
  }
},
{
  "model": "sessions.session",
  "pk": "8ti9bcra1dsknou2khabhbdulhgjc0mh",
  "fields": {
    "session_data": ".eJxVjMsOwiAQRf-FtSEgdIa6dN9vIMMw2KqBpI-V8d-1SRe6veec-1KRtnWM2yJznLK6KKtOv1sifkjdQb5TvTXNra7zlPSu6IMuemhZntfD_TsYaRm_NRvHxQZDqefiJCdGNK5YjwV6BIIgnTEA0oUzQteD94Q2i3dYUiis3h_nATe7:1sxlVJ:jMPojfszvXx_JIAoc2FymcRf9SisZuWbv-3mEqmzv0U",
    "expire_date": "2024-10-21T11:02:17.721Z"
  }
},
{
  "model": "sites.site",
  "pk": 1,
  "fields": {
    "domain": "localhost:8000",
    "name": "localhost:8000"
  }
},
{
  "model": "blog.post",
  "pk": 1,
  "fields": {
    "title": "First Blog",
    "slug": "my-first-post",
    "author": 1,
    "body": "This is a first post on the blog made by mistire",
    "publish": "2024-10-07T11:05:01Z",
    "created": "2024-10-07T11:06:37.546Z",
    "updated": "2024-10-07T11:06:37.546Z",
    "status": "PB"
  }
},
{
  "model": "blog.post",
  "pk": 2,
  "fields": {
    "title": "New title",
    "slug": "another-post",
    "author": 1,
    "body": "Post body",
    "publish": "2024-10-07T11:53:38.516Z",
    "created": "2024-10-07T11:53:47.149Z",
    "updated": "2024-10-07T11:57:08.896Z",
    "status": "DF"
  }
},
{
  "model": "blog.post",
  "pk": 3,
  "fields": {
    "title": "Create yeah threat challenge action office.",
    "slug": "social-company-well",
    "author": 1,
    "body": "Book official air five. Month debate bad ago assume. Similar chair man weight window dog.",
    "publish": "2024-09-26T11:39:56Z",
    "created": "2024-10-11T07:34:05.135Z",
    "updated": "2024-10-11T07:34:05.136Z",
    "status": "DF"
  }
},
{
  "model": "blog.post",
  "pk": 4,
  "fields": {
    "title": "Floor billion region large.",
    "slug": "performance-task",
    "author": 1,
    "body": "Purpose media woman season hair even. Chance expert again threat our daughter skill. Yes bit line its player minute.\nForce this type past rule decide. Maybe general candidate else customer.",
    "publish": "2024-08-03T16:59:01Z",
    "created": "2024-10-11T07:34:05.146Z",
    "updated": "2024-10-11T07:34:05.146Z",
    "status": "DF"
  }
},
{
  "model": "blog.post",
  "pk": 5,
  "fields": {
    "title": "Look ok wide wait wish concern throughout.",
    "slug": "traditional-every",
    "author": 1,
    "body": "Response activity live majority relate political environment peace. Film some open price perhaps beat town real. Gas say be.\nCenter real later pretty easy. Before truth stock nature.",
    "publish": "2024-06-22T08:25:19Z",
    "created": "2024-10-11T07:34:05.153Z",
    "updated": "2024-10-11T07:34:05.153Z",
    "status": "DF"
  }
},
{
  "model": "blog.post",
  "pk": 6,
  "fields": {
    "title": "Him beyond method.",
    "slug": "week-try-however",
    "author": 1,
    "body": "Level guy summer owner. Consumer while film you. East idea still.\r\nStructure environmental join. Of language event check.\r\nImportant any short seven. Charge voice card newspaper under.",
    "publish": "2024-06-14T14:28:18Z",
    "created": "2024-10-11T07:34:05.161Z",
    "updated": "2024-10-15T13:23:35.948Z",
    "status": "PB"
  }
},
{
  "model": "blog.post",
  "pk": 7,
  "fields": {
    "title": "Senior head exactly along soon my including.",
    "slug": "activity-knowledge",
    "author": 1,
    "body": "Appear affect material fast. Baby brother charge. Education skill Democrat nor become fly.\nSummer agency painting economic value. A material turn meet miss meet.",
    "publish": "2024-01-08T16:26:29Z",
    "created": "2024-10-11T07:34:05.169Z",
    "updated": "2024-10-11T07:34:05.169Z",
    "status": "PB"
  }
},
{
  "model": "blog.post",
  "pk": 8,
  "fields": {
    "title": "Military traditional himself dog.",
    "slug": "fire-bank-school",
    "author": 1,
    "body": "Laugh tonight reveal five couple such ten fall. Improve interest color officer shoulder source reveal. Fish bag he compare decision short edge.\nHold hope remember say.",
    "publish": "2024-02-14T20:19:25Z",
    "created": "2024-10-11T07:34:05.178Z",
    "updated": "2024-10-11T07:34:05.178Z",
    "status": "DF"
  }
},
{
  "model": "blog.post",
  "pk": 9,
  "fields": {
    "title": "Same military national respond yes.",
    "slug": "production-board",
    "author": 1,
    "body": "Us leg Congress machine hotel discuss cultural. Human money real rich brother claim. Necessary authority never.\r\nDream nature threat hear knowledge them. Human fact difference country standard until.",
    "publish": "2024-06-26T05:04:02Z",
    "created": "2024-10-11T07:34:05.185Z",
    "updated": "2024-10-15T13:23:24.597Z",
    "status": "PB"
  }
},
{
  "model": "blog.post",
  "pk": 10,
  "fields": {
    "title": "Until none note care want.",
    "slug": "no-shoulder-why",
    "author": 1,
    "body": "Benefit account experience institution world chance. Might energy like.\nPull rise our stuff. Public scientist law.\nLaugh community consider everything. A able foot green tonight shoulder purpose.",
    "publish": "2024-02-04T17:02:08Z",
    "created": "2024-10-11T07:34:05.192Z",
    "updated": "2024-10-11T07:34:05.192Z",
    "status": "PB"
  }
},
{
  "model": "blog.post",
  "pk": 11,
  "fields": {
    "title": "Hospital much bank respond.",
    "slug": "cup-line-the-pm",
    "author": 1,
    "body": "Article official business I senior push different center. One create your street.",
    "publish": "2024-05-20T00:07:40Z",
    "created": "2024-10-11T07:34:05.199Z",
    "updated": "2024-10-11T07:34:05.199Z",
    "status": "PB"
  }
},
{
  "model": "blog.post",
  "pk": 12,
  "fields": {
    "title": "City news total finally.",
    "slug": "treat-seek-admit",
    "author": 1,
    "body": "More throughout it. Lead science soldier scientist.\nParticipant daughter cut notice collection do. Property discover direction any team. Law market everyone leader apply.",
    "publish": "2024-07-16T07:00:21Z",
    "created": "2024-10-11T07:34:05.207Z",
    "updated": "2024-10-11T07:34:05.207Z",
    "status": "DF"
  }
},
{
  "model": "blog.post",
  "pk": 13,
  "fields": {
    "title": "Agree coach fight hot suggest employee inside writer.",
    "slug": "name-sort-they",
    "author": 1,
    "body": "Trade great win expert. Three interest control likely.\nBelieve kitchen move energy some most foreign. Share clearly mother tree authority hard. Weight animal lawyer enough painting that late.",
    "publish": "2024-09-18T23:00:14Z",
    "created": "2024-10-11T07:34:05.214Z",
    "updated": "2024-10-11T07:34:05.214Z",
    "status": "DF"
  }
},
{
  "model": "blog.post",
  "pk": 14,
  "fields": {
    "title": "Ability coach suffer film prepare think lead edge.",
    "slug": "such-finish-include",
    "author": 1,
    "body": "Meeting trial cut trade. Similar life nor stage if add. Section machine old card image resource represent cup.\nQuality at when professor maintain. Morning cover author since. Point full seek front.",
    "publish": "2024-08-28T12:49:21Z",
    "created": "2024-10-11T07:34:05.221Z",
    "updated": "2024-10-11T07:34:05.221Z",
    "status": "DF"
  }
},
{
  "model": "blog.post",
  "pk": 15,
  "fields": {
    "title": "Debate simply blue guy hotel well.",
    "slug": "member-war",
    "author": 1,
    "body": "We any girl. Suffer area product throughout never.\nThough see five involve news. Exist success involve pay enter.\nHalf maintain environment cultural such.",
    "publish": "2024-08-22T04:40:26Z",
    "created": "2024-10-11T07:34:05.229Z",
    "updated": "2024-10-11T07:34:05.229Z",
    "status": "DF"
  }
},
{
  "model": "blog.post",
  "pk": 16,
  "fields": {
    "title": "Throw chair hour every.",
    "slug": "space-dream-what",
    "author": 1,
    "body": "Watch career whether trip industry health. Student heart sound major board. Improve base letter industry.",
    "publish": "2024-01-15T08:13:51Z",
    "created": "2024-10-11T07:34:05.235Z",
    "updated": "2024-10-11T07:34:05.235Z",
    "status": "DF"
  }
},
{
  "model": "blog.post",
  "pk": 17,
  "fields": {
    "title": "Nature leader management few.",
    "slug": "significant",
    "author": 1,
    "body": "Particularly learn let cut goal. Even site trouble yes.",
    "publish": "2024-05-20T16:54:50Z",
    "created": "2024-10-11T07:34:05.242Z",
    "updated": "2024-10-11T07:34:05.242Z",
    "status": "DF"
  }
},
{
  "model": "blog.post",
  "pk": 18,
  "fields": {
    "title": "Together get interest hotel reflect machine various.",
    "slug": "travel-size-know",
    "author": 1,
    "body": "Smile spend out too wonder. Fact follow better always. Learn staff only score black.\nTop involve break glass recently last.\nWoman later good own mission.",
    "publish": "2024-06-01T17:26:53Z",
    "created": "2024-10-11T07:34:05.249Z",
    "updated": "2024-10-11T07:34:05.249Z",
    "status": "DF"
  }
},
{
  "model": "blog.post",
  "pk": 19,
  "fields": {
    "title": "Although various trouble long whether huge.",
    "slug": "she-science-a",
    "author": 1,
    "body": "Fish education sing military training. Drop national war someone particular chair just. Nice party experience able.",
    "publish": "2024-04-20T11:54:29Z",
    "created": "2024-10-11T07:34:05.257Z",
    "updated": "2024-10-11T07:34:05.257Z",
    "status": "PB"
  }
},
{
  "model": "blog.post",
  "pk": 20,
  "fields": {
    "title": "Pretty spring its a meeting.",
    "slug": "foreign-late",
    "author": 1,
    "body": "Image care great standard worker really street. Take what strategy pick think include true.\nWhat institution bank hour themselves. Mention although camera involve. Cover without purpose if.",
    "publish": "2024-02-15T04:31:17Z",
    "created": "2024-10-11T07:34:05.263Z",
    "updated": "2024-10-11T07:34:05.263Z",
    "status": "DF"
  }
},
{
  "model": "blog.post",
  "pk": 21,
  "fields": {
    "title": "Thousand rise north mission white few.",
    "slug": "leader-take-offer",
    "author": 1,
    "body": "More serve special. Community girl let some lot scientist.\nDeep this weight no board trouble garden. Admit hold thank. East likely road. Live issue discover second white road.",
    "publish": "2024-03-04T20:04:40Z",
    "created": "2024-10-11T07:34:05.271Z",
    "updated": "2024-10-11T07:34:05.271Z",
    "status": "DF"
  }
},
{
  "model": "blog.post",
  "pk": 22,
  "fields": {
    "title": "Newspaper natural deep consider order whole.",
    "slug": "writer-middle-bed",
    "author": 1,
    "body": "Soldier statement arm individual. Challenge technology energy per part door large.\nCertain can mother reduce discover. Read institution reach get check. Best bar career effect home.",
    "publish": "2024-03-07T01:25:06Z",
    "created": "2024-10-11T07:34:05.280Z",
    "updated": "2024-10-11T07:34:05.280Z",
    "status": "PB"
  }
},
{
  "model": "blog.post",
  "pk": 23,
  "fields": {
    "title": "5 Simple Ways to Boost Productivity and Achieve Your Goals",
    "slug": "5-simple-ways-to-boost-productivity-and-achieve-your-goals",
    "author": 1,
    "body": "In today’s fast-paced world, staying productive can be a challenge. Whether you're balancing work, studies, or personal projects, it’s easy to feel overwhelmed. But with the right strategies, you can boost your productivity and move closer to achieving your goals. Here are five simple tips to help you stay on track:\r\n\r\n1. Set Clear, Achievable Goals\r\nThe first step to productivity is knowing exactly what you want to achieve. Break down big projects into smaller, manageable tasks. This makes your goals feel less overwhelming and easier to tackle.\r\n\r\n2. Prioritize Your Tasks\r\nNot all tasks are created equal. Focus on what’s most important or time-sensitive first. By tackling high-priority tasks, you ensure that you’re making the most of your time and energy.\r\n\r\n3. Eliminate Distractions\r\nDistractions are productivity’s worst enemy. Set aside a dedicated workspace and turn off notifications on your phone or computer. Try time-blocking techniques to help you stay focused for longer periods.\r\n\r\n4. Take Regular Breaks\r\nIt might sound counterintuitive, but taking breaks is crucial for maintaining productivity. Short breaks help to recharge your mind, allowing you to return to tasks with fresh energy and focus.\r\n\r\n5. Reflect and Adjust\r\nAt the end of each day or week, take some time to reflect on what worked and what didn’t. Adjust your approach based on what you learn. Continuous improvement is the key to long-term success.\r\n\r\nBy implementing these simple strategies, you’ll be able to manage your time more effectively, stay focused, and make steady progress toward your goals. Remember, productivity isn’t about working harder; it’s about working smarter!",
    "publish": "2024-10-16T10:24:03Z",
    "created": "2024-10-16T10:26:20.631Z",
    "updated": "2024-10-16T10:26:20.631Z",
    "status": "PB"
  }
},
{
  "model": "blog.post",
  "pk": 24,
  "fields": {
    "title": "The Power of Consistency: Why Small Habits Lead to Big Results",
    "slug": "the-power-of-consistency-why-small-habits-lead-to-big-results",
    "author": 1,
    "body": "When it comes to achieving success, many people focus on making huge, drastic changes. But in reality, it’s the small, consistent actions we take every day that make the biggest difference over time. Here’s why consistency is the key to reaching your goals and how you can harness it in your life:\r\n\r\n1. Small Steps Lead to Big Gains\r\nSuccess doesn’t happen overnight. By taking small, steady steps toward your goals, you build momentum. Whether it’s learning a new skill, working out, or developing a routine, consistency adds up and turns into progress.\r\n\r\n2. Habits Build Discipline\r\nWhen you repeat a task regularly, it becomes a habit. Once something becomes habitual, it requires less mental effort to complete, freeing up energy for other important tasks. Consistent habits also help you build discipline, which is essential for long-term success.\r\n\r\n3. Consistency Creates Accountability\r\nBy showing up every day and sticking to your goals, you create a sense of accountability. Even if you only spend 10 minutes working on something, that effort adds up over time. This makes it easier to track your progress and see how far you’ve come.\r\n\r\n4. Resilience Over Perfection\r\nConsistency is not about being perfect; it’s about showing up even when it’s hard. Life will always throw challenges your way, but staying consistent helps you push through tough times and keep moving forward.\r\n\r\n5. Compound Effect in Action\r\nThe compound effect states that small actions, repeated consistently over time, lead to significant outcomes. Whether it's personal development, fitness, or career growth, the little things you do today can make a massive difference in the future.\r\n\r\nFinal Thoughts\r\nConsistency is a powerful tool that can transform your life. By focusing on small, manageable actions and sticking with them over time, you’ll find yourself reaching milestones you never thought possible. Remember, it’s not about how fast you get there, but how consistent you are along the way.",
    "publish": "2024-10-16T10:26:53Z",
    "created": "2024-10-16T10:27:50.636Z",
    "updated": "2024-10-16T10:27:50.636Z",
    "status": "PB"
  }
},
{
  "model": "blog.post",
  "pk": 25,
  "fields": {
    "title": "Markdown Post",
    "slug": "markdown-post",
    "author": 1,
    "body": "This is a post formatted with markdown\r\n--------------------------------------\r\n*This is emphasized* and **this is more emphasized**.\r\nHere is a list:\r\n* One\r\n* Two\r\n* Three\r\nAnd a [link to the Django website](https://www.djangoproject.com/).",
    "publish": "2024-10-16T10:30:17Z",
    "created": "2024-10-16T10:30:59.447Z",
    "updated": "2024-10-16T10:47:45.834Z",
    "status": "PB"
  }
},
{
  "model": "blog.comment",
  "pk": 1,
  "fields": {
    "post": 6,
    "name": "Mistire",
    "email": "mdwithgod@gmail.com",
    "body": "This the first comment",
    "created": "2024-10-14T11:57:05.820Z",
    "updated": "2024-10-14T11:57:05.820Z",
    "active": true
  }
},
{
  "model": "blog.comment",
  "pk": 2,
  "fields": {
    "post": 6,
    "name": "Mistire",
    "email": "mdwithgod@gmail.com",
    "body": "This the first comment",
    "created": "2024-10-14T11:57:37.858Z",
    "updated": "2024-10-14T11:57:37.858Z",
    "active": true
  }
},
{
  "model": "blog.comment",
  "pk": 3,
  "fields": {
    "post": 6,
    "name": "Mistire",
    "email": "mdwithgod@gmail.com",
    "body": "This the first comment",
    "created": "2024-10-14T11:57:42.535Z",
    "updated": "2024-10-14T11:57:42.535Z",
    "active": true
  }
},
{
  "model": "blog.comment",
  "pk": 4,
  "fields": {
    "post": 6,
    "name": "Mistire",
    "email": "mdwithgod@gmail.com",
    "body": "This the first comment",
    "created": "2024-10-14T11:57:51.778Z",
    "updated": "2024-10-14T11:57:51.778Z",
    "active": true
  }
},
{
  "model": "blog.comment",
  "pk": 5,
  "fields": {
    "post": 6,
    "name": "Mistire Daniel",
    "email": "mdwithgod@gmail.com",
    "body": "Second comment",
    "created": "2024-10-14T11:59:02.025Z",
    "updated": "2024-10-14T11:59:02.025Z",
    "active": true
  }
},
{
  "model": "blog.comment",
  "pk": 6,
  "fields": {
    "post": 6,
    "name": "Mistire Daniel",
    "email": "mdwithgod@gmail.com",
    "body": "test comment",
    "created": "2024-10-14T12:03:46.194Z",
    "updated": "2024-10-14T12:03:46.194Z",
    "active": true
  }
},
{
  "model": "blog.comment",
  "pk": 7,
  "fields": {
    "post": 9,
    "name": "Mistire Daniel",
    "email": "mdwithgod@gmail.com",
    "body": "test comment",
    "created": "2024-10-14T12:11:20.136Z",
    "updated": "2024-10-14T12:11:20.136Z",
    "active": true
  }
},
{
  "model": "blog.comment",
  "pk": 8,
  "fields": {
    "post": 9,
    "name": "Mistire Daniel",
    "email": "mdwithgod@gmail.com",
    "body": "1st comment",
    "created": "2024-10-15T09:42:50.793Z",
    "updated": "2024-10-15T09:42:50.793Z",
    "active": true
  }
},
{
  "model": "blog.comment",
  "pk": 9,
  "fields": {
    "post": 9,
    "name": "Mistire Daniel",
    "email": "mdwithgod@gmail.com",
    "body": "1 comment",
    "created": "2024-10-15T09:51:52.134Z",
    "updated": "2024-10-15T09:51:52.134Z",
    "active": true
  }
},
{
  "model": "blog.comment",
  "pk": 10,
  "fields": {
    "post": 9,
    "name": "Mistire Daniel",
    "email": "mdwithgod@gmail.com",
    "body": "1 comment",
    "created": "2024-10-15T09:51:56.938Z",
    "updated": "2024-10-15T09:51:56.938Z",
    "active": true
  }
},
{
  "model": "blog.comment",
  "pk": 11,
  "fields": {
    "post": 9,
    "name": "Mistire Daniel",
    "email": "mdwithgod@gmail.com",
    "body": "1 comment",
    "created": "2024-10-15T09:51:58.357Z",
    "updated": "2024-10-15T09:51:58.357Z",
    "active": true
  }
},
{
  "model": "blog.comment",
  "pk": 12,
  "fields": {
    "post": 9,
    "name": "Mistire Daniel",
    "email": "mdwithgod@gmail.com",
    "body": "1 comment",
    "created": "2024-10-15T09:51:59.510Z",
    "updated": "2024-10-15T09:51:59.510Z",
    "active": true
  }
},
{
  "model": "blog.comment",
  "pk": 13,
  "fields": {
    "post": 9,
    "name": "Mistire Daniel",
    "email": "mdwithgod@gmail.com",
    "body": "1 comment",
    "created": "2024-10-15T09:52:10.136Z",
    "updated": "2024-10-15T09:52:10.136Z",
    "active": true
  }
},
{
  "model": "blog.comment",
  "pk": 14,
  "fields": {
    "post": 9,
    "name": "Mistire Daniel",
    "email": "mdwithgod@gmail.com",
    "body": "1 comment",
    "created": "2024-10-15T09:52:17.032Z",
    "updated": "2024-10-15T09:52:17.032Z",
    "active": true
  }
},
{
  "model": "blog.comment",
  "pk": 15,
  "fields": {
    "post": 1,
    "name": "Mistir",
    "email": "mdwithgod@gmail.com",
    "body": "1st comment",
    "created": "2024-10-16T09:22:34.955Z",
    "updated": "2024-10-16T09:22:34.955Z",
    "active": true
  }
},
{
  "model": "blog.comment",
  "pk": 16,
  "fields": {
    "post": 1,
    "name": "mmy",
    "email": "mdwithgod@gmail.com",
    "body": "123456789",
    "created": "2024-10-16T09:22:46.000Z",
    "updated": "2024-10-16T09:22:46.000Z",
    "active": true
  }
},
{
  "model": "blog.comment",
  "pk": 17,
  "fields": {
    "post": 1,
    "name": "Mistir#",
    "email": "mdwithgod@gmail.com",
    "body": "23456",
    "created": "2024-10-16T09:22:59.718Z",
    "updated": "2024-10-16T09:22:59.718Z",
    "active": true
  }
},
{
  "model": "blog.comment",
  "pk": 18,
  "fields": {
    "post": 11,
    "name": "Mistire",
    "email": "mdwithgod@gmail.com",
    "body": "sfsdfsd",
    "created": "2024-10-16T09:24:17.565Z",
    "updated": "2024-10-16T09:24:17.565Z",
    "active": true
  }
},
{
  "model": "taggit.tag",
  "pk": 1,
  "fields": {
    "name": "jazz",
    "slug": "jazz"
  }
},
{
  "model": "taggit.tag",
  "pk": 2,
  "fields": {
    "name": "music",
    "slug": "music"
  }
},
{
  "model": "taggit.tag",
  "pk": 3,
  "fields": {
    "name": "django",
    "slug": "django"
  }
},
{
  "model": "taggit.tag",
  "pk": 4,
  "fields": {
    "name": "GoalSetting",
    "slug": "goalsetting"
  }
},
{
  "model": "taggit.tag",
  "pk": 5,
  "fields": {
    "name": "ProductivityTips",
    "slug": "productivitytips"
  }
},
{
  "model": "taggit.tag",
  "pk": 6,
  "fields": {
    "name": "Discipline",
    "slug": "discipline"
  }
},
{
  "model": "taggit.tag",
  "pk": 7,
  "fields": {
    "name": "ConsistencyMatters",
    "slug": "consistencymatters"
  }
},
{
  "model": "taggit.tag",
  "pk": 8,
  "fields": {
    "name": "markdown",
    "slug": "markdown"
  }
},
{
  "model": "taggit.taggeditem",
  "pk": 1,
  "fields": {
    "tag": 1,
    "content_type": 7,
    "object_id": 1
  }
},
{
  "model": "taggit.taggeditem",
  "pk": 2,
  "fields": {
    "tag": 2,
    "content_type": 7,
    "object_id": 1
  }
},
{
  "model": "taggit.taggeditem",
  "pk": 4,
  "fields": {
    "tag": 1,
    "content_type": 7,
    "object_id": 9
  }
},
{
  "model": "taggit.taggeditem",
  "pk": 5,
  "fields": {
    "tag": 2,
    "content_type": 7,
    "object_id": 9
  }
},
{
  "model": "taggit.taggeditem",
  "pk": 6,
  "fields": {
    "tag": 1,
    "content_type": 7,
    "object_id": 6
  }
},
{
  "model": "taggit.taggeditem",
  "pk": 7,
  "fields": {
    "tag": 4,
    "content_type": 7,
    "object_id": 23
  }
},
{
  "model": "taggit.taggeditem",
  "pk": 8,
  "fields": {
    "tag": 5,
    "content_type": 7,
    "object_id": 23
  }
},
{
  "model": "taggit.taggeditem",
  "pk": 9,
  "fields": {
    "tag": 6,
    "content_type": 7,
    "object_id": 24
  }
},
{
  "model": "taggit.taggeditem",
  "pk": 10,
  "fields": {
    "tag": 7,
    "content_type": 7,
    "object_id": 24
  }
},
{
  "model": "taggit.taggeditem",
  "pk": 11,
  "fields": {
    "tag": 8,
    "content_type": 7,
    "object_id": 25
  }
}
]
